Episode,Average Waiting Time
1,20.1335567634431
2,20.001619059869352
3,19.86191195554075
4,20.04443043947476
5,20.12633249841595
6,19.99327265133734
7,20.06505612666988
8,20.0395643737233
9,19.929000555380075
10,19.96604438865205
